name,website,domain,email,phone,city,niche,score,https,mobile,reason
Orian Roofing And Construction,https://orianroofingmia.com/,orianroofingmia.com,orianroofingmia@gmail.com,+1-305-707-4457,Miami,trades,,,,
Miami RooterPRO,https://miamirooterpro.com/,miamirooterpro.com,info@miamirooterpro.com,+1-305-537-9402,Miami,trades,0,yes,yes,the site is dated and plain — a modern refresh would stand out
Home Solution Depot,https://homesolutiondepot.com,homesolutiondepot.com,homesolutiondepot@yahoo.com,+1-305-766-8807,Hialeah,trades,,,,
All Parts Usa.com,https://www.allpartsusa.com/,allpartsusa.com,sales@allpartsusa.com,+1-305-546-0376,Doral,trades,0,yes,yes,the site is dated and plain — a modern refresh would stand out
Homestead Glass Co,https://homesteadglass.com,homesteadglass.com,homesteadglass@att.net,+1 305-247-5025,Homestead,trades,2,yes,yes,the site looks unmaintained — the footer still shows 2012
Freezing Mechanical,https://freezingmechanical.com/,freezingmechanical.com,vfinalet@freezingmechanical.com,+1-305-363-7021,Miami Gardens,trades,0,yes,yes,the site is dated and plain — a modern refresh would stand out
Cowboy Pump & Supply,https://cowboypump.com/,cowboypump.com,rsmith@cowboypump.com,+13252355100,Sweetwater,trades,0,yes,yes,the site is dated and plain — a modern refresh would stand out
YSZE,https://www.atelier-ysze.com/,atelier-ysze.com,atelier.ysze@gmail.com,+33 6 80 43 86 68,Fontainebleau,trades,1,yes,yes,the site is dated and plain — a modern refresh would stand out
Atelier Du Siege,https://www.sylvielaury.com/,sylvielaury.com,laurysylvie@gmail.com,+33 6 81 95 64 24,Fontainebleau,trades,,,,
L'Atelier Automobile,https://www.latelierautomobile.com/,latelierautomobile.com,latelierautomobile77@gmail.com,+33 7 76 81 83 67,Fontainebleau,trades,,,,
Faded - A Window Tinting Company,https://fadedawtc.com,fadedawtc.com,immy@fadedawtc.com,+1-561-872-1311,Fort Lauderdale,trades,,,,
K2 Plumbing,https://k2plumbing.com/,k2plumbing.com,micah@micahrich.com,+1-954-929-4722,Hollywood,trades,1,yes,yes,the site is dated and plain — a modern refresh would stand out
House Electric and Plumbing,https://houseelectric.us/,houseelectric.us,info@houseelectric.us,+1-954-686-8087,Miramar,trades,,,,
Oscar Tint Solutions,https://www.oscartints.com,oscartints.com,info@oscartints.com,+1-305-440-4060,Miramar,trades,,,,
G Exhaust – Davie,https://gexhaust.com/,gexhaust.com,g@gexhaust.com,+1-954-708-6039,Davie,trades,,,,
Global Truck & Trailer Repair,https://globaltruck.shop/,globaltruck.shop,service@globaltruck.biz,+1-954-727-3877,Davie,trades,,,,
Pipe Plug Professionals,https://www.pipeplugpros.com/,pipeplugpros.com,pipeplugpros@gmail.com,+1-954-371-9254,Coral Springs,trades,,,,
Distinctive Roofing,https://distinctiveroofing.net/,distinctiveroofing.net,info@distinctiveroofing.net,+1 954-846-7663,Pompano Beach,trades,,,,
Total Care Collision,https://totalcarecollision.com,totalcarecollision.com,info@totalcarecollision.com,+1-954-930-1804,Pompano Beach,trades,0,yes,yes,the site is dated and plain — a modern refresh would stand out
"Elcon Electric, Inc.",https://www.elconelectric.com/,elconelectric.com,info@elconelectric.com,+1 800-446-8915,Deerfield Beach,trades,0,yes,yes,the site is dated and plain — a modern refresh would stand out
All Jap. Cars,http://www.alljapcars.com,alljapcars.com,alljapcars954@gmail.com,+1-954-749-5584,Lauderhill,trades,,,,
Florida Plumbing HVAC,https://www.floridaplumbinghvac.com/,floridaplumbinghvac.com,info@floridaplumbinghvac.com,+1-754-217-7999,Hallandale Beach,trades,,,,
All-Pro Electrical & Air Conditioning,https://www.allproelectricalandac.com/,allproelectricalandac.com,bill@trustallpro.com,+1-561-988-0460,Boca Raton,trades,0,yes,yes,the site is dated and plain — a modern refresh would stand out
Boca Auto Fix,https://bocaautofix.com,bocaautofix.com,doug@bocaautofix.com,,Boca Raton,trades,0,yes,yes,the site is dated and plain — a modern refresh would stand out
PES Solar,https://proesolar.com/,proesolar.com,info@proesolar.com,+1-800-650-6519,Boca Raton,trades,,,,
"Southern Coast Air Conditioning, Plumbing & Electric",https://southerncoastservices.com/,southerncoastservices.com,leads@southerncoastservices.com,+1-561-763-4775,Boca Raton,trades,0,yes,yes,the site is dated and plain — a modern refresh would stand out
Florida Prime Glass,https://www.floridaprimeglass.com/,floridaprimeglass.com,service@gofpg.com,+1 855-377-4634,Boca Raton,trades,0,yes,yes,the site is dated and plain — a modern refresh would stand out
Whale Roofing & Construction,https://whaleroofing.com/,whaleroofing.com,info@whaleroofing.com,+1-561-778-7800,Boca Raton,trades,0,yes,yes,the site is dated and plain — a modern refresh would stand out
American Air Conditioning of Boca,https://www.americanacco.com,americanacco.com,info.americanair@gmail.com,+1-561-865-8923,Boca Raton,trades,,,,
Prime Air,https://primeairfl.com,primeairfl.com,info@primeairfl.com,+1-561-855-0659,Boca Raton,trades,,,,
"MG Marble & Granite Designers, Inc.",https://www.mgmarbleandgranite.info/,mgmarbleandgranite.info,mgmarblegranite@aol.com,+1-561-274-2844,Delray Beach,trades,0,yes,yes,the site is dated and plain — a modern refresh would stand out
Zicaro's Plumbing Services,https://www.zicarosplumbing.com/,zicarosplumbing.com,info@zicarosplumbing.com,+1 561-547-7103,Boynton Beach,trades,0,yes,yes,the site is dated and plain — a modern refresh would stand out
Cool Air Experts,https://www.coolairxpert.com/,coolairxpert.com,coolairexpertfl@gmail.com,+1 954-569-4801,Boynton Beach,trades,,,,
Kyzar AC Repair Boynton Beach,https://kyzarairconditioning.com/,kyzarairconditioning.com,info@kyzarairconditioning.com,+1 561-771-5045,Boynton Beach,trades,0,yes,yes,the site is dated and plain — a modern refresh would stand out
Rent-A-Wheel,https://www.rentawheel.com/,rentawheel.com,info@rentawheel.com,+1-786-242-4111,Cutler Bay,trades_auto,0,yes,yes,the site is dated and plain — a modern refresh would stand out
Hobby Shop Garage,https://www.hobbyshopgarage.com/,hobbyshopgarage.com,sales@hobbyshopgarage.com,+1-866-800-1941,Lighthouse Point,trades_auto,,,,
AAA Million Auto Parts,https://www.aaamillion.com/,aaamillion.com,aaamillion@aol.com,,Miami,trades_auto,0,yes,yes,the site is dated and plain — a modern refresh would stand out
Transmission Doctor,https://www.transmissiondoctor.com/,transmissiondoctor.com,info@tdfix.com,+1-954-721-5531,North Lauderdale,trades_auto,0,yes,yes,the site is dated and plain — a modern refresh would stand out
Visby Products,https://visbyproducts.com/,visbyproducts.com,visbyproducts@mailfence.com,+1 561-965-9602,Wellington,trades_auto,,,,
Rimblades,https://rimblades.com/,rimblades.com,shop@rimblades.com,+44 1823 662800,Wellington,trades_auto,,,,
Taller Calle 8,,,hugojr1997@gmail.com,+5372064123,Miramar,trades_auto,,,,
"Element, Pickup trucks and trailer repair",,,info@element-fe.com,+1-786-977-0000,Pompano Beach,trades_auto,,,,
Berhampore Service Centre,,,bscwhop@xtra.co.nz,+64 4 389 4088,Wellington,trades_auto,,,,
SWP Machining,,,swpm@killams.co.uk,,Wellington,trades_auto,,,,
Eagle 79 Tile Services,,,eagleservicescorp@yahoo.com,+18556916796,Deerfield Beach,trades_build,,,,
Bilbault Marbrerie,,,marbrerie.bilbault@wanadoo.fr,+33 1 60 70 51 43,Fontainebleau,trades_build,,,,
"Diversified Roofing Solutions, Inc.",https://diversifiedroofingfl.com/,diversifiedroofingfl.com,archerskylar6@gmail.com,+1-561-841-5676,Jupiter,trades_build,,,,
Atlas Plumber West Palm Beach,https://atlasplumberwestpalmbeach.com/,atlasplumberwestpalmbeach.com,atlasplumberwestpalmbeach@gmail.com,+1-561-513-4654,Lake Worth Beach,trades_build,,,,
"FoxHaven Roofing Group, LLC",https://foxhavenroof.com/,foxhavenroof.com,info@foxhavenroof.com,+1-561-850-5953,Palm Beach Gardens,trades_build,,,,
Prostone Marble and Granite,,,prostonegmd@hotmail.com,+19548571660,Pompano Beach,trades_build,,,,
Dunster Biomass Heating,https://dunster.biz/,dunster.biz,hello@dunster.biz,+44 1823 669137,Wellington,trades_build,,,,
"STS Impact Windows, Doors & Roofing",https://stswindows.com/,stswindows.com,contact@stswindows.com,+1 561-600-1018,Boca Raton,trades_shop,,,,
Fontana Woodworking,https://fontanawoodworking.com/,fontanawoodworking.com,fontanawoodworks@aol.com,+1 561-364-8075,Boynton Beach,trades_shop,,,,
Hurricane Impact Window,https://www.hurricaneimpactwindow.com/,hurricaneimpactwindow.com,info@hurricaneimpactwindow.com,+1-954-444-4237,Deerfield Beach,trades_shop,2,yes,yes,the site is dated and plain — a modern refresh would stand out
Kitchen Cabinet Kings,https://kitchencabinetkings.com,kitchencabinetkings.com,support@kitchencabinetkings.com,+1-888-696-6454,Delray Beach,trades_shop,0,yes,yes,the site is dated and plain — a modern refresh would stand out
Tryba,http://www.tryba.com,tryba.com,contact@tryba.com,+33 1 64 22 06 37,Fontainebleau,trades_shop,0,yes,yes,the site is dated and plain — a modern refresh would stand out
Schmidt,https://www.home-design.schmidt/fr-fr/magasins/seine-et-marne/fontainebleau,home-design.schmidt,mathilde.donnezan@schmidt-fontainebleau.fr,+33 6 85 38 14 15,Fontainebleau,trades_shop,,,,
"Bliss Window & Screen, Inc.",https://www.blisswindow.com/,blisswindow.com,blisswindow@aol.com,+1-954-763-5086,Fort Lauderdale,trades_shop,,,,
Artemisa,https://www.artemisamarble.com/,artemisamarble.com,info@artemisamarble.com,+1-305-884-1223,Hialeah,trades_shop,,,,
ARCLINEA,https://www.4141design.com/,4141design.com,user@domain.com,+1-305-572-1273,Miami,trades_shop,0,yes,yes,the site is dated and plain — a modern refresh would stand out
L'Atelier Paris Haute Design | Miami,https://www.leatelierparis.com,leatelierparis.com,atl@leatelierparis.com,+1 800-792-3550,Miami,trades_shop,0,yes,yes,the site is dated and plain — a modern refresh would stand out
Super Construction and Remodeling,https://superconstructionremodeling.com/,superconstructionremodeling.com,sales@superconstructionremodeling.com,+1-305-209-8190,Opa-locka,trades_shop,,,,
High End Impact Windows & Doors,https://www.impactwindowsndoors.com/,impactwindowsndoors.com,highendwindows@comcast.net,+1-954-782-7100,Pompano Beach,trades_shop,,,,
Lifetime Kitchen,https://www.lifetime-kitchen.com,lifetime-kitchen.com,info@lifetime-kitchen.com,+1-561-370-3891,Wellington,trades_shop,,,,
PatientChoice,https://patientchoice.net,patientchoice.net,admin@patientchoice.net,+44 1823 246800,Wellington,trades_shop,,,,
Screwfix,https://www.screwfix.com/stores/BC8/wellington,screwfix.com,dave@email.com,,Wellington,trades_shop,0,yes,yes,the site is dated and plain — a modern refresh would stand out
Weightron Bilanciai,,,sales@weightroncb.co.uk,+44 808 1960905,Wellington,trades_shop,,,,
Integra,https://integrapdu.com/,integrapdu.com,sales@integrapdu.com,+44 1823 242100,Wellington,trades_shop,,,,
Paramount Workwear,,,info@paramountworkwear.co.uk,+44 1823 650939,Wellington,trades_shop,,,,
Mignano Landscape & Tree Care,https://www.mignanotreecare.com/,mignanotreecare.com,mignanolawnservice@gmail.com,+1-561-738-2850,Boynton Beach,trades_misc,0,yes,yes,the site is dated and plain — a modern refresh would stand out
The Time Is Now Design & Build,https://www.thetimeisnowdesignandbuild.com/,thetimeisnowdesignandbuild.com,matt@thetimeisnowdesignandbuild.com,+1-954-482-1221,Davie,trades_misc,,,,
Fait par moi,https://www.couture-faitparmoi.com/,couture-faitparmoi.com,webmaster@couture-faitparmoi.com,,Fontainebleau,trades_misc,,,,
Automotive and Commercial Locksmith,https://www.automotiveandcommerciallocksmith.com/,automotiveandcommerciallocksmith.com,automot6@gmail.com,+1-954-347-9566,Hollywood,trades_misc,0,yes,yes,the site is dated and plain — a modern refresh would stand out
MyKey Locksmith,https://www.mykey-locksmith.com/,mykey-locksmith.com,mykeylocksmith@outlook.com,+1-561-566-6747,Lake Worth Beach,trades_misc,,,,
UTS Locksmith Miami,https://www.miami-locksmith.com/,miami-locksmith.com,hal@miami-locksmith.com,+1-305-407-8760,Miami,trades_misc,,,,
Los Gemelos Locksmith,https://losgemeloslocksmith.com/,losgemeloslocksmith.com,info@losgemeloslocksmith.com,,Miami,trades_misc,0,yes,yes,the site is dated and plain — a modern refresh would stand out
Locksmith Near Me Florida,https://yourlocksmithnearme.com,yourlocksmithnearme.com,locksmithnearmeflorida@gmail.com,+1-305-316-3121,Miami,trades_misc,,,,
Haute Team Realty,https://www.hauteteam.com/,hauteteam.com,info@hauteteam.com,+1-305-705-6757,Aventura,pro,,,,
Casa de Maria Realty,,,maria@casademariarealty.com,+1 305-331-5686,Bay Harbor Islands,pro,,,,
Finvard Group,https://www.finvarb.com/,finvarb.com,ron@finvarb.com,+1-305-861-3500,Bay Harbor Islands,pro,,,,
,https://www.leahandalexs.com/,leahandalexs.com,team@leahandalexs.com,+1-754-484-0005,Boca Raton,pro,0,yes,yes,the site is dated and plain — a modern refresh would stand out
Divorce Smart Esq.,,,temi@divorcesmartesq.com,,Boca Raton,pro,,,,
Criminal Defense Clinics,https://criminaldefenseclinics.com/,criminaldefenseclinics.com,michelle@mmfloridalaw.com,+1-561-621-0020,Boca Raton,pro,,,,
Hersh Kirtman Injury Law,https://www.hkinjurylaw.com/,hkinjurylaw.com,info@hkinjurylaw.com,+1 561-208-3700,Boca Raton,pro,,,,
Sell My House For Cash Florida,https://sellmyhouseforcashflorida.com/,sellmyhouseforcashflorida.com,juan@sellmyhouseforcashflorida.com,+1 561-786-7720,Boca Raton,pro,0,yes,yes,the site is dated and plain — a modern refresh would stand out
Florida Direct Title,https://fldirecttitle.com/,fldirecttitle.com,closings@fldirecttitle.com,+1 561-421-4110,Boynton Beach,pro,1,yes,yes,the site is dated and plain — a modern refresh would stand out
BMH Accounting Service,https://bmhtaxes.com/boynton-beach/,bmhtaxes.com,corey@bmhtaxes.com,+1 561-395-0121,Boynton Beach,pro,0,yes,yes,the site is dated and plain — a modern refresh would stand out
Frankl Kominsky Injury Lawyers,https://www.fklegal.com/boynton-beach/personal-injury/,fklegal.com,info@fklegal.com,+1-561-800-8000,Boynton Beach,pro,,,,
Leslie Kay's Inc.,https://lesliekays.com/,lesliekays.com,info@lesliekays.com,+1 561-736-1788,Boynton Beach,pro,2,yes,yes,the site looks unmaintained — the footer still shows 2015
Bill Hagan Insurance Agency Inc.,https://billhagan.com/,billhagan.com,adam.kasprowicz@keen.io,+1 561-736-8555,Boynton Beach,pro,5,yes,no,"the site doesn't resize for phones, which is where most customers will find you"
Roni Sterin Group,https://ronisteringroup.com,ronisteringroup.com,roni@agentroni.realtor,+1-954-807-4199,Cooper City,pro,,,,
"Mindi Perrotta, CPA",https://mindiperrottacpa.com/,mindiperrottacpa.com,mindi@mindiperrottacpa.com,+1-954-632-2351,Cooper City,pro,,,,
Bayview Pace,https://www.bayviewpace.com,bayviewpace.com,info@bayviewpace.com,+1-844-518-2343,Coral Gables,pro,0,yes,yes,the site is dated and plain — a modern refresh would stand out
"De Maio Immigration Law, PLLC",https://www.demaio-law.com/,demaio-law.com,ejemplo@misitio.com,+1-786-232-9120,Coral Gables,pro,0,yes,yes,the site is dated and plain — a modern refresh would stand out
"Silva & Silva, P.A.",https://silvasilva.com/,silvasilva.com,info@silvasilva.com,+1-305-445-0011,Coral Gables,pro,0,yes,yes,the site is dated and plain — a modern refresh would stand out
Felicetti Law Firm,https://www.felicettilawfirm.com/,felicettilawfirm.com,info@felicettilawfirm.com,+1-800-333-1988,Coral Gables,pro,0,yes,yes,the site is dated and plain — a modern refresh would stand out
Brodzki Jacobs & Brook,https://bjblawyers.com/,bjblawyers.com,info@bjblawyers.com,+1-954-344-7737,Coral Springs,pro,,,,
InterContinental Hotels Group,http://careers.ihg.com/,careers.ihg.com,phprorecruit@ihg.com,+63 74 300 8000,Country Club,pro,,,,
Cutler Bay Tax Services,https://cutlerbaytax.com/,cutlerbaytax.com,info@cutlerbaytax.com,+1-305-235-6777,Cutler Bay,pro,,,,
Florida Ticket Firm,https://floridaticketfirm.com/,floridaticketfirm.com,info@floridaticketfirm.com,+1-954-765-4000,Dania Beach,pro,,,,
Liberta Accounting,https://libertaccounting.com/,libertaccounting.com,contact@libertaccounting.com,+1 954-607-1100,Davie,pro,1,yes,yes,the site is dated and plain — a modern refresh would stand out
Center For Collaborative Divorce & Mediation,https://theccdm.com,theccdm.com,enid@theccdm.com,+1-954-812-4884,Davie,pro,1,yes,yes,the site is dated and plain — a modern refresh would stand out
The Law Offices of Scott Sobol,https://gotinjured.com,gotinjured.com,info@gotinjured.com,+1 954-440-2000,Davie,pro,,,,
"Rosen Injury Law, P.A.",https://roseninjury.com/personal-injury-lawyer-davie-fl/,roseninjury.com,email@domain.com,+1-954-835-4436,Davie,pro,0,yes,yes,the site is dated and plain — a modern refresh would stand out
Highlands Residential Mortgage,https://highlandsmortgage.com/,highlandsmortgage.com,thomasbrown@highlandsmortgage.com,+1-678-200-8485,Deerfield Beach,pro,0,yes,yes,the site is dated and plain — a modern refresh would stand out
"Mucerino Law Accident Injury Lawyers, PLLC",https://flinjury.law/,flinjury.law,intake@flinjury.law,+1-561-960-9870,Delray Beach,pro,,,,
Freedom Services,https://www.freedomservices.us/,freedomservices.us,accounting@freedomservices.us,+1-305-315-4020,Doral,pro,,,,
Orpi,https://www.orpi.com/agencefondap/,orpi.com,agencefondap@orpi.com,+33 1 64 22 42 02,Fontainebleau,pro,,,,
Hestia Immo,https://www.hestiaimmo.com,hestiaimmo.com,agence@hestiaimmo.com,+33 1 64 69 54 90,Fontainebleau,pro,2,yes,yes,the site is dated and plain — a modern refresh would stand out
LaForet,https://www.laforet.com/,laforet.com,fontainebleau@laforet.com,+33 1 60 74 36 19,Fontainebleau,pro,,,,
"McLaughlin & Stern LLP - Ft Lauderdale, FL",https://www.mclaughlinstern.com/,mclaughlinstern.com,info@mclaughlinstern.com,,Fort Lauderdale,pro,,,,
"Salpeter Gitkin, LLP",https://salpetergitkin.com,salpetergitkin.com,info@salpetergitkin.com,+1-800-675-4128,Fort Lauderdale,pro,1,yes,yes,the site is dated and plain — a modern refresh would stand out
"Hancock Gaeta, P.A.",https://hglawyers.com,hglawyers.com,info@hglawyers.com,+1-954-281-2231,Fort Lauderdale,pro,,,,
Solomon Appeals,https://www.solomonappeals.com/,solomonappeals.com,donna@solomonappeals.com,+1-954-953-5498,Fort Lauderdale,pro,0,yes,yes,the site is dated and plain — a modern refresh would stand out
Wolfson & Leon,https://fortlauderdale.wolfsonlawfirm.com/,fortlauderdale.wolfsonlawfirm.com,jonahwolfson@wolfsonlawfirm.com,+1-954-289-5954,Fort Lauderdale,pro,,,,
Laurie Spector,https://lauriespector.com/,lauriespector.com,laurie.spector@compass.com,+1-954-608-7104,Fort Lauderdale,pro,0,yes,yes,the site is dated and plain — a modern refresh would stand out
"Di Pietro Partners, PLLC",https://ddpalaw.com/,ddpalaw.com,laurab@ddpalaw.com,+1-954-712-3070;+1-800-712-8462,Fort Lauderdale,pro,,,,
Every Health Group,https://www.everyhealthgroup.com/,everyhealthgroup.com,info@ehgcorp.com,+1-888-244-1129,Fort Lauderdale,pro,,,,
"Friedland Law, Car Accident and Personal Injury Attorneys - Fort Lauderdale",https://yourfightourbattle.com/cities/fort-lauderdale/,yourfightourbattle.com,myattorney@friedlandlaw.com,+1 954-466-3249,Fort Lauderdale,pro,0,yes,yes,the site is dated and plain — a modern refresh would stand out
Cash For Your Home,https://cashforyourhomeusa.com/,cashforyourhomeusa.com,juan@cashforyourhomeusa.com,+1 754-297-7722,Fort Lauderdale,pro,,,,
Musca Law,https://www.muscalaw.com/locations/fort-lauderdale,muscalaw.com,leads@muscalaw.com,+1 954-302-5391,Fort Lauderdale,pro,,,,
Law Offices of Wolf & Pravato,https://wolfandpravato.com/fort-lauderdale-car-accident-lawyer,wolfandpravato.com,info@wolfandpravato.com,+1-954-522-5800,Fort Lauderdale,pro,0,yes,yes,the site is dated and plain — a modern refresh would stand out
Schilling & Silvers Personal Injury & Car Accident Lawyers,https://schillingsilvers.com/,schillingsilvers.com,info@schillingsilvers.com,+1-954-712-8877,Fort Lauderdale,pro,,,,
The Elliot Legal Group P.A.- Real Estate & Business Lawyer,https://www.elliotlegal.com/,elliotlegal.com,clientsupport@elliotlegal.com,+1 754-310-7454,Fort Lauderdale,pro,0,yes,yes,the site is dated and plain — a modern refresh would stand out
Luxury Life Homes,https://luxurylifehomes.com/,luxurylifehomes.com,john@luxurylifehomes.com,+1 305-748-3135,Golden Beach,pro,,,,
"The Martinez Law Firm, P.A.",https://themartinezfirm.com/,themartinezfirm.com,dmartinez@themartinezfirm.com,+1-786-536-5221,Hialeah,pro,,,,
"The Diaz Law Firm, P.A.",https://thediazlawfirm.com/,thediazlawfirm.com,jose@thediazlawfirm.com,+1-305-271-7766,Hialeah,pro,,,,
Paterson Injury Lawyers,https://patersoninjurylawyer.com/location/car-accident-lawyer-hialeah,patersoninjurylawyer.com,hialeah@patersoninjurylawyer.com,+1-813-358-2098,Hialeah,pro,,,,
Tax Minimizers,https://www.taxminimizers.com/,taxminimizers.com,info@taxminimizers.com,+1-503-281-0919,Hollywood,pro,0,yes,yes,the site is dated and plain — a modern refresh would stand out
Divorce Made Easy,https://divorcemadeeasy.net,divorcemadeeasy.net,info@divorcemadeeasy.net,+1 954-372-1220,Hollywood,pro,2,yes,yes,the site looks unmaintained — the footer still shows 2014
Grimaldi Law Firm,https://realestatelawfl.com/,realestatelawfl.com,clientintake@grimaldi-law.com,+1-954-491-8707,Hollywood,pro,,,,
One Hollywood Residences,https://onehollywoodresidences.com,onehollywoodresidences.com,info@onehollywoodresidences.com,+1-754-263-0111,Hollywood,pro,,,,
Advance Funds Network,https://advancefundsnetwork.com,advancefundsnetwork.com,sales@afnllc.com,,Hollywood,pro,,,,
Jared Spingarn,https://hirejared.com/,hirejared.com,jared.spingarn@hirejared.com,+1-954-633-8261,Hollywood,pro,,,,
Casteel & Carson,https://www.casteelandcarson.com/,casteelandcarson.com,info@casteelandcarson.com,+1-503-288-9291,Hollywood,pro,4,yes,no,"the site doesn't resize for phones, which is where most customers will find you"
Greenberg Visa Law,https://asgvisalaw.com,asgvisalaw.com,contact@asgvisalaw.com,+14123767302,Homestead,pro,0,yes,yes,the site is dated and plain — a modern refresh would stand out
Y&Y Professional Taxes and Services,https://www.yytaxesandservices.com/,yytaxesandservices.com,yhernandez@yytaxesandservices.com,+1-561-247-3980,Lake Worth Beach,pro,,,,
B&S Insurance Agency,https://www.bsinsuranceflorida.com/,bsinsuranceflorida.com,gaayod@gmail.com,+1 954-656-8636,Lauderhill,pro,0,yes,yes,the site is dated and plain — a modern refresh would stand out
Wites & Rogers,https://www.witeslaw.com/,witeslaw.com,info@witeslaw.com,+1 954-933-4400;+1 866-277-8631,Lighthouse Point,pro,,,,
HB Roswell Realty,https://www.condoblackbook.com/,condoblackbook.com,contact@condoblackbook.com,+1-305-725-0566,Miami,pro,2,yes,yes,the site looks unmaintained — the footer still shows 2007
"Footman Law Firm, P.A.",https://footmanlaw.com/,footmanlaw.com,indiafootman@footmanlaw.com,+1 786-571-1031,Miami,pro,,,,
Alcoba Law Group,https://miamipatents.com/,miamipatents.com,alcoba@alcobalaw.com,+1-305-265-7772,Miami,pro,0,yes,yes,the site is dated and plain — a modern refresh would stand out
"lowercase, a law firm",https://lowercaselaw.com/,lowercaselaw.com,info@lowercaselaw.com,+1-833-569-3335,Miami,pro,,,,
Brownstone Law,https://brownstonelaw.com/appellate-lawyer/florida-appeals/appellate-attorneys-in-miami-florida/,brownstonelaw.com,robert@brownstonelaw.com,+1-786 753-5721,Miami,pro,,,,
Wolfson & Leon,https://www.wolfsonlawfirm.com/,wolfsonlawfirm.com,jonahwolfson@wolfsonlawfirm.com,+1-305-285-1115,Miami,pro,,,,
Coast2Coast Land Inc,https://goodbyeland.com,goodbyeland.com,office@coast2coastland.com,+1-833-854-1700,Miami,pro,0,yes,yes,the site is dated and plain — a modern refresh would stand out
"David M. Edelstein, PA",https://www.miami-criminal-lawyer.net/,miami-criminal-lawyer.net,david@miami-criminal-lawyer.net,+1-305-538-4545,Miami,pro,0,yes,yes,the site is dated and plain — a modern refresh would stand out
"David Howard Goldberg, P.L.",https://dhgpl-law.com/,dhgpl-law.com,david@dhgpl-law.com,+1-305-760-8888,Miami,pro,,,,
"BT Law Group, PLLC",https://btattorneys.com/,btattorneys.com,anisley@btattorneys.com,+1-305-507-8506,Miami,pro,0,yes,yes,the site is dated and plain — a modern refresh would stand out
"The Ferraro Law Firm, P.A.",https://ferrarolaw.com,ferrarolaw.com,info@ferrarolaw.com,+1 888-554-2030,Miami,pro,0,yes,yes,the site is dated and plain — a modern refresh would stand out
Prime Land Buyers,https://www.primelandbuyers.com/,primelandbuyers.com,service@primelandbuyers.com,+1-786-250-1103,Miami,pro,0,yes,yes,the site is dated and plain — a modern refresh would stand out
Legal Edge Services,https://legaledgeservices.com,legaledgeservices.com,info@legaledgeservices.com,+1 305-728-5300,Miami,pro,,,,
Pronto Apostille,https://www.prontoapostille.com/,prontoapostille.com,3485@prontonotarypublic.com,+1-786-441-9105,Miami,pro,,,,
Gerson and Schwartz Accident & Injury Lawyers,https://www.injuryattorneyfla.com,injuryattorneyfla.com,info@gslawusa.com,+1-877-475-2905,Miami,pro,,,,
Beach Auto Tag & Insurance,https://www.beachautotag.com/,beachautotag.com,info@beachautotag.com,+1-305-868-3277,Miami Beach,pro,0,yes,yes,the site is dated and plain — a modern refresh would stand out
The Law Firm of Alexandre Ballerini,https://alexballerinilaw.com/,alexballerinilaw.com,info@ballerini.law,+1-305-507-9699,Miami Beach,pro,0,yes,yes,the site is dated and plain — a modern refresh would stand out
Edificio Montecarlo Palace,https://www.inmocaribe.co.cu/montecarlos/montecarlos_detail.htm,inmocaribe.co.cu,comunicacion@inmobiliariacaribe.com,,Miramar,pro,1,yes,yes,the site is dated and plain — a modern refresh would stand out
FINCIMEX Oficina Central,http://www.fincimex.com.cu,fincimex.com.cu,angelm@cimex.com.cu,+53 7 2047949,Miramar,pro,,,,
Bufete Cubano de Propiedad Industrial,https://www.lex-sa.com/,lex-sa.com,lexsa@lex.com,+5372049093,Miramar,pro,,,,
Niurkasas,,,niurkamilian120@gmail.com,+5352963037,Miramar,pro,,,,
Treasures On the Bay,https://www.treasuresonthebay.com/treasures-on-the-bay-north-bay-village-fl/,treasuresonthebay.com,rthapa@crownres.com,+1-305-866-4230,North Bay Village,pro,4,no,yes,"the site loads without HTTPS, so browsers show visitors a Not Secure"" warning"""
One Sotheby's International Realty,https://www.sunnyislesmiamirealestate.com/Sunny-Isles-Beach/Regalia/,sunnyislesmiamirealestate.com,lana.bell@elliman.com,+1 305-336-0457,North Miami Beach,pro,0,yes,yes,the site is dated and plain — a modern refresh would stand out
Alpha Beta Gamma Wealth Management,https://abgwealth.com/,abgwealth.com,info@twentyfourwealth.com,+1-561-207-6399,Palm Beach Gardens,pro,1,yes,yes,the site is dated and plain — a modern refresh would stand out
Talkov Law,https://www.talkovlaw.com/palm-springs/,talkovlaw.com,info@talkovlaw.com,+1-760-999-3300,Palm Springs,pro,0,yes,yes,the site is dated and plain — a modern refresh would stand out
InstantVOB,https://instantvob.com,instantvob.com,info@instantvob.com,+1-561-530-5755,Palm Springs,pro,0,yes,yes,the site is dated and plain — a modern refresh would stand out
Text Kevin Accident Attorneys,https://crockettlawgroup.com/palm-springs/car-accident-lawyer/,crockettlawgroup.com,info@crockettlawgroup.com,+1-760-400-0000,Palm Springs,pro,,,,
Municipal Claims Management Services: Henry Rodriguez,https://municipalclaims.us/,municipalclaims.us,henry.rodriguez@municipalclaims.us,+1-305-969-2288,Palmetto Bay,pro,0,yes,yes,the site is dated and plain — a modern refresh would stand out
"All About Insurance, Inc.",https://www.aaipalmettobay.com/,aaipalmettobay.com,jessica.allabout@gmail.com,+1-305-251-3098,Palmetto Bay,pro,,,,
Florida Auto Plus Insurance,https://floridaautoplusinsurance.com/,floridaautoplusinsurance.com,cliff@autoplusinsurance.com,+1-305-796-2968,Palmetto Bay,pro,,,,
"Global Tax Group, Inc. - Michael S. Sarabjit, CPA, MST",https://1globaltax.com,1globaltax.com,info@1globaltax.com,+1-954-893-1399,Pembroke Pines,pro,3,yes,yes,the site is dated and plain — a modern refresh would stand out
"Panter, Panter & Sampedro, P.A., Car Accident and Personal Injury Attorneys",https://panterlaw.com/,panterlaw.com,info@panterlaw.com,+1-305-928-1748,Pinecrest,pro,0,yes,yes,the site is dated and plain — a modern refresh would stand out
Kadoch Law Group,https://www.kadochlawgroup.com/,kadochlawgroup.com,info@kadochlaw.com,+1-954-713-9423,Plantation,pro,3,yes,yes,the site looks unmaintained — the footer still shows 2020
Casey Insurance,https://caseyinsurancecompanies.com/,caseyinsurancecompanies.com,info@caseyinsurancecompanies.com,+1-888-537-1412,Plantation,pro,,,,
SC Global Advice,https://scgadvice.com/,scgadvice.com,info@scgadvice.com,+1-954-580-5990,Plantation,pro,,,,
Naylor Tax,https://naylortax.com,naylortax.com,info@naylortax.com,+1-954-261-7310,Pompano Beach,pro,,,,
"Long, Jean & Wechsler, P.A.",https://ljwlawgroup.com/,ljwlawgroup.com,info@ljwlawgroup.com,+1 954-597-6770,Pompano Beach,pro,,,,
Carden Realty & Investments,https://cardenrealtyinc.com,cardenrealtyinc.com,info@miacondo.com,+1-305-466-4500,Sunny Isles Beach,pro,0,yes,yes,the site is dated and plain — a modern refresh would stand out
Keyes Coverage,https://keyescoverage.com/,keyescoverage.com,streamline-icon-arrow-button-right-1@140x140-keyes-blue.svg,+1-954-724-7000,Tamarac,pro,1,yes,yes,the site is dated and plain — a modern refresh would stand out
"Judy D. Wagner, CPA",http://judydwagnercpa.com/,judydwagnercpa.com,judy@judydwagnercpa.com,+1-970-568-3859,Wellington,pro,6,yes,no,"the site doesn't resize for phones, which is where most customers will find you"
Harcourts,https://harcourts.net/nz/office/wellington-city/paraparaumu,harcourts.net,paraparaumu@harcourts.co.nz,+64 4 902 9601,Wellington,pro,,,,
My Florida Mortgages,https://www.myfloridamortgages.com/,myfloridamortgages.com,jmalo@myfloridamortgages.com,+1-954-400-0488,Weston,pro,,,,
More Accounting Plus Tax Services Inc,http://moreaccountingplus.com,moreaccountingplus.com,humberto@moreaccountingplus.com,+1 954-218-5789,Weston,pro,0,yes,yes,the site is dated and plain — a modern refresh would stand out
Probst Law Firm,https://probstlegal.com/,probstlegal.com,info@probstlegal.com,+1-305-393-6073,Weston,pro,,,,
Law Offices of Jason Turchin,https://www.victimaid.com/,victimaid.com,intake@victimaid.com,+1-954-515-5000,Weston,pro,,,,
Smile Creators,https://bayharbordentistry.com/,bayharbordentistry.com,bayharborsmile@gmail.com,+1 305-615-5722,Bay Harbor Islands,clinic,0,yes,yes,the site is dated and plain — a modern refresh would stand out
Vision Mood Miami,https://visionmood.com/,visionmood.com,help@visionmood.com,+1-786-288-5160;+1-786-613-4014,Bay Harbor Islands,clinic,,,,
Visual Eyes,https://visualeyesboca.com,visualeyesboca.com,info@visualeyesboca.com,+1-561-392-8383,Boca Raton,clinic,,,,
Boynton Implant & Cosmetic Dentistry,https://dentalimplantsboyntonbeach.com/,dentalimplantsboyntonbeach.com,info@dentalimplantsboyntonbeach.com,+1 561-736-1700,Boynton Beach,clinic,0,yes,yes,the site is dated and plain — a modern refresh would stand out
Smile Boynton Cosmetic & Family Dentistry,https://www.smileboynton.com/,smileboynton.com,info@smileboynton.com,+1 561-737-1600,Boynton Beach,clinic,,,,
Smiles by Glerum,https://dentist-boyntonbeach.com/,dentist-boyntonbeach.com,frontdesk@smilesbyglerum.com,+1-561-374-8922,Boynton Beach,clinic,,,,
South Gables Dental,https://southgablesdental.com/,southgablesdental.com,toothdoclar@gmail.com,+1-305-665-1263,Coral Gables,clinic,0,yes,yes,the site is dated and plain — a modern refresh would stand out
Zambrano Orthodontics,https://miamidadeorthodontist.com/,miamidadeorthodontist.com,info@miamidadeorthodontist.com,+1 305-394-8112,Coral Gables,clinic,,,,
ClearWave Dental & Aesthetics,https://www.clearwavedental.com/,clearwavedental.com,info@clearwavedental.com,+1-954-345-5200,Coral Springs,clinic,,,,
VCA Pet Medical Center and Boarding,,,coralsprings@petmedicalcenters.com,+1-954-341-4123,Coral Springs,clinic,,,,
Cutler Bay Animal Clinic,https://www.cutlerbayanimalclinic.com/,cutlerbayanimalclinic.com,cutlerbayanimalclinic@gmail.com,+1-305-251-4244,Cutler Bay,clinic,,,,
One Dental Studio,https://www.1dentalstudio.com,1dentalstudio.com,info@1dentalstudio.com,+1-954-587-9737,Davie,clinic,0,yes,yes,the site is dated and plain — a modern refresh would stand out
"Medamerica Rehab Center, Inc",https://www.medamericarehab.com/,medamericarehab.com,info@medamericarehab.com,+1 954-428-4707,Deerfield Beach,clinic,3,yes,yes,"the site still uses Flash, which no current browser supports"
Ocean Breeze Implant & Esthetic Dentistry,https://oceanbreezeprosthodontics.com/,oceanbreezeprosthodontics.com,contact@oceanbreezeprosthodontics.com,,Delray Beach,clinic,0,yes,yes,the site is dated and plain — a modern refresh would stand out
Alain Afflelou,https://www.afflelou.com/opticien/fontainebleau/afflelou-65-rue-grande-77300,afflelou.com,nafo@afflelou.net,+33 1 64 22 44 11,Fontainebleau,clinic,,,,
Balouzat,https://balouzat.net/,balouzat.net,fontainebleau@balouzatopticiens.fr,+33 1 64 22 47 92,Fontainebleau,clinic,,,,
Krys,https://www.krys.com/opticien/france/seine-et-marne/opticien-fontainebleau/fontainebleau-ruegrande,krys.com,fontainebleau-ruegrande@krys.com,+33 1 85 60 00 69,Fontainebleau,clinic,,,,
Premier Smile Center,https://drjohnsondds.com/,drjohnsondds.com,premiersmilecenter@gmail.com,+1-954-566-7479,Fort Lauderdale,clinic,,,,
Oceanside Orthodontics,https://www.fortlauderdalebraces.com/,fortlauderdalebraces.com,info@fortlauderdalebraces.com,+1-954-737-2300,Fort Lauderdale,clinic,,,,
Pelican Waters Veterinary Surgery,https://www.pelicanvet.com/,pelicanvet.com,admin@pelicanvet.com,,Golden Beach,clinic,2,yes,yes,the site looks unmaintained — the footer still shows 2018
Aspen Dental,https://www.aspendental.com/dentist/fl/hialeah/395-w-49th-st-ste-b/,aspendental.com,customerservice@aspendental.com,,Hialeah,clinic,0,yes,yes,the site is dated and plain — a modern refresh would stand out
Peak Vision Clinic,https://peakvisionclinic.com/,peakvisionclinic.com,portland@peakvisionclinic.com,+1-503-288-6181,Hollywood,clinic,0,yes,yes,the site is dated and plain — a modern refresh would stand out
Broadway Dental Care,https://broadwaydentalcare.net/,broadwaydentalcare.net,office@broadwaydentalcare.net,,Hollywood,clinic,2,yes,yes,the site is dated and plain — a modern refresh would stand out
River City Eyecare,https://www.rivercityeye.com/,rivercityeye.com,info@rivercityeye.com,+1-503-477-4074,Hollywood,clinic,0,yes,yes,the site is dated and plain — a modern refresh would stand out
BluePearl Pet Hospital Northeast Portland,,,info.neportland@bluepearlvet.com,+1 503-501-2375,Hollywood,clinic,,,,
Animal Medical Center & Bird Clinic Of Hollywood,https://animalmedicalcenter-hollywood.com/,animalmedicalcenter-hollywood.com,bbschachner@gmail.com,+19549202400,Hollywood,clinic,0,yes,yes,the site is dated and plain — a modern refresh would stand out
Dental Healing Arts,https://www.dentalhealingarts.com/,dentalhealingarts.com,dentalhealingarts@gmail.com,+1-561-626-6116,Jupiter,clinic,,,,
Krewe,https://www.krewe.com/,krewe.com,krewe@krewe.com,,Miami,clinic,0,yes,yes,the site is dated and plain — a modern refresh would stand out
Edward Bernier,https://www.edwardbeiner.com/boutiques/coconut-grove/,edwardbeiner.com,customerservice@edwardbeiner.com,+1-786-216-7850,Miami,clinic,0,yes,yes,the site is dated and plain — a modern refresh would stand out
Vizcaya Dental Arts,https://www.vizcayadentalarts.com/,vizcayadentalarts.com,info@vizcayadentalarts.com,+1-305-568-8899,Miami,clinic,,,,
CAD/CAM Dental CENTER Miami,https://cadcamcenter.com/,cadcamcenter.com,info@cadcamcenter.com,+1-305-328-9490,Miami,clinic,,,,
SEE eyewear,https://seeeyewear.com/locations/miami-beach,seeeyewear.com,orders@seeeyewear.com,+1 305 672 6622,Miami Beach,clinic,0,yes,yes,the site is dated and plain — a modern refresh would stand out
Oakley,https://stores.oakley.com/us/fl/miami/603-lincoln-rd,stores.oakley.com,customercare@oakley.com,+1 305 604 8960,Miami Beach,clinic,0,yes,yes,the site is dated and plain — a modern refresh would stand out
USA Sports Therapy South Beach,https://usasportstherapy.com,usasportstherapy.com,info@usasportstherapy.com,+1-305-479-2973,Miami Beach,clinic,,,,
Miami Beach Dental Solutions by Dr. Gabriela Flores,https://miamibeachds.com,miamibeachds.com,info@miamibeachds.com,+1-305-534-2002,Miami Beach,clinic,0,yes,yes,the site is dated and plain — a modern refresh would stand out
Cupo Dental,https://drcupo.com/,drcupo.com,office@drcupo.com,+1-786-361-1664,Miami Beach,clinic,,,,
United Dental Specialists,https://uniteddentalspecialists.com,uniteddentalspecialists.com,info@udsdental.com,+1-305-593-6521,Miami Lakes,clinic,,,,
Miramar Smiles Dentistry,https://www.miramarfamilydentist.com/,miramarfamilydentist.com,staff@miramarfamilydentist.com,+1-954-431-5513,Miramar,clinic,,,,
Bright Dental Solutions,https://www.brightdentalsolutions.com/,brightdentalsolutions.com,brightdental@brightdentalsolutions.com,+1 954-399-8025,Miramar,clinic,0,yes,yes,the site is dated and plain — a modern refresh would stand out
Ceramics Dental Lab,https://www.ceramicsdentallab.com/,ceramicsdentallab.com,carloslab10@yahoo.com,+1-305-940-4040,North Miami Beach,clinic,3,yes,yes,the site looks unmaintained — the footer still shows 2021
Dental Pearl,https://dentalpearlmiami.com/,dentalpearlmiami.com,info@dentalpearlmiami.com,+1-305-816-6620,North Miami Beach,clinic,,,,
Parkland Pediatric Dentistry,,,frontdesk@parklandpediatricdentistry.com,+1-954-755-8400,Parkland,clinic,,,,
Dr. Steven A. Rosenberg and Associates,https://www.rosenbergsmiles.com/,rosenbergsmiles.com,frontdesk@rosenbergsmiles.com,+1-954-791-7172,Plantation,clinic,,,,
JB Dentistry,https://jbdentistry.com/,jbdentistry.com,info@jbdentistry.com,,Pompano Beach,clinic,1,yes,yes,the site is dated and plain — a modern refresh would stand out
Smile Creators,https://www.smilecreators.com/sunny-isles/home-sunny-isles-beach-fl,smilecreators.com,bayharborsmile@gmail.com,+1 305-833-7333,Sunny Isles Beach,clinic,0,yes,yes,the site is dated and plain — a modern refresh would stand out
Family Orthodontics,https://thefamilyorthodontist.com/,thefamilyorthodontist.com,office@thefamilyorthodontist.com,+1-561-762-6200,Wellington,clinic,,,,
Vision Express,https://www.visionexpress.com/opticians/telford/wellington,visionexpress.com,customer.care@visionexpress.com,,Wellington,clinic,0,yes,yes,the site is dated and plain — a modern refresh would stand out
Dr. Ursla,https://avetderm.com/,avetderm.com,avetderm@gmail.com,+1-561-484-7672,Wellington,clinic,1,yes,yes,the site is dated and plain — a modern refresh would stand out
Mount Vets Veterinary Hospital,https://www.mountvets.com/,mountvets.com,office@mountvets.com,+44 1823 662286,Wellington,clinic,,,,
Trail Animal Hospital,https://www.trailanimalhospital.com/,trailanimalhospital.com,trailanimalhospital@yahoo.com,+1-305-261-0793,West Miami,clinic,,,,
Wilton Manors Animal Hospital,https://wiltonmanorsanimalhospital.net,wiltonmanorsanimalhospital.net,premierwmah@gmail.com,+1-954-541-2550,Wilton Manors,clinic,5,yes,yes,the site looks unmaintained — the footer still shows 2017
Pandora,https://aventuramall.com/shops/pandora/?location=UL1930,aventuramall.com,concierge@aventuramall.com,+1 305 933 4494,Aventura,local_a,0,yes,yes,the site is dated and plain — a modern refresh would stand out
Amir Rug Gallery,https://www.amirruggallery.com/,amirruggallery.com,ruga@bellsouth.net,+1-305-974-2371,Aventura,local_a,,,,
Materia Collection,,,info@materiacollection.com,+1 786-438-1330,Bay Harbor Islands,local_a,,,,
Regent Jewelers,https://regentjewelers.net/,regentjewelers.net,info@regentjewelers.net,+1-305-442-7373,Bay Harbor Islands,local_a,,,,
Jackie Abraham,https://www.jackieabraham.com/,jackieabraham.com,sales@jackieabraham.com,+1-305-868-4336,Bay Harbor Islands,local_a,,,,
Lloyd's Studio Photography,https://lloydsstudio.com/,lloydsstudio.com,mail@lloydsstudio.com,+1 561-394-8399,Boca Raton,local_a,0,yes,yes,the site is dated and plain — a modern refresh would stand out
French Florist,,,bocaraton@frenchflorist.com,+1-561-493-3143,Boca Raton,local_a,,,,
Modani,https://modani.com/pages/location/boca-raton,modani.com,modanifurniture@gmail.com,+15617177711,Boca Raton,local_a,4,yes,no,"the site doesn't resize for phones, which is where most customers will find you"
CITY HOME,https://www.cityhome.com/stores/boca-raton/,cityhome.com,info@cityhome.com,+15617505200,Boca Raton,local_a,0,yes,yes,the site is dated and plain — a modern refresh would stand out
Kendra Scott,https://www.kendrascott.com,kendrascott.com,miznerpark@kendrascott.com,+1-561-430-2520,Boca Raton,local_a,,,,
Amaury Jewelry,https://amauryjewelry.com/,amauryjewelry.com,amauryjewelry@gmail.com,+1-305-445-5242,Coral Gables,local_a,,,,
laundromart,https://www.laundromart.com/laundromart-cutler-bay,laundromart.com,info@laundromart.com,+1-877-446-9274,Cutler Bay,local_a,0,yes,yes,the site is dated and plain — a modern refresh would stand out
Etheric Manifest,https://etheric-manifest.square.site/,etheric-manifest.square.site,inquires@ethericmanifest.com,+1-786-675-3431,Cutler Bay,local_a,,,,
Ashley HomeStore,https://stores.ashleyfurniture.com/store/us/florida/cutler-bay/7710000079/,stores.ashleyfurniture.com,beejg224@gmail.com,+1-305-232-0142,Cutler Bay,local_a,2,yes,yes,the site is dated and plain — a modern refresh would stand out
CITY Furniture,https://cityfurniture.com/stores/cutler-bay,cityfurniture.com,info@cityhome.com,+1-305-255-3538,Cutler Bay,local_a,0,yes,yes,the site is dated and plain — a modern refresh would stand out
El Dorado Furniture,https://www.eldoradofurniture.com/stores/miami/miami-dade/cutler-bay-boulevard/,eldoradofurniture.com,customercare@eldoradofurniture.com,+1-305-474-5319,Cutler Bay,local_a,2,yes,yes,the site is dated and plain — a modern refresh would stand out
Antonini Modern Living,http://www.antoninimodernliving.com,antoninimodernliving.com,sam@antoninimodernliving.com,+1 954 9223131,Dania Beach,local_a,,,,
Portraits by Lisa Ann,https://portraitsbylisaann.com/,portraitsbylisaann.com,info@portraitsbylisaann.com,+1 954-872-8525,Davie,local_a,,,,
Ever After Design Studio,https://everafterdesignstudios.com,everafterdesignstudios.com,hello@everafterdesignstudios.com,+1-786-615-7928,Doral,local_a,,,,
OCP Photography,https://www.ocpphotographymiami.com,ocpphotographymiami.com,ocpphotographymiami@gmail.com,+1-786-227-3132,Doral,local_a,,,,
Le Fournil de Fontainebleau,https://www.fontainebleau-tourisme.com/fr/fiche/5053583/le-fournil-de-fontainebleau/,fontainebleau-tourisme.com,info@fontainebleau-tourisme.com,+33 1 64 69 02 98,Fontainebleau,local_a,,,,
Sunshine Bakery,https://sunshinebakeryflorida.com/en/home/,sunshinebakeryflorida.com,info@sunshinebakeryflorida.com,+1-954-584-1202,Fort Lauderdale,local_a,1,yes,yes,the site is dated and plain — a modern refresh would stand out
The Laundry Gnomes,https://www.thelaundrygnomes.com/,thelaundrygnomes.com,concierge@laundrygnomes.com,+19544952645,Fort Lauderdale,local_a,1,yes,yes,the site is dated and plain — a modern refresh would stand out
Broward Design Center,https://www.thebrowarddesigncenter.com/,thebrowarddesigncenter.com,ecom-swiper@11.0.5.js,+19545230840,Fort Lauderdale,local_a,0,yes,yes,the site is dated and plain — a modern refresh would stand out
Lyn's Furniture Hialeah,https://www.lynsfurniture.net/,lynsfurniture.net,support@lynsfuriture.net,+1-305-640-5352,Hialeah,local_a,0,yes,yes,the site is dated and plain — a modern refresh would stand out
Mint Jeweler,https://mintjeweler.com/,mintjeweler.com,mintjeweler@hotmail.com,+1-954-374-3533,Hollywood,local_a,,,,
Soberon Studio,https://www.soberonstudio.com,soberonstudio.com,sales@soberonstudio.com,+1-954-921-7412,Hollywood,local_a,,,,
Flower House,https://flowerhousemiami.com,flowerhousemiami.com,info@flowerhousemiami.com,+1-786-925-8182,Hollywood,local_a,,,,
Fleur De Lis,https://fleurdelisbakery.com/,fleurdelisbakery.com,info@latinotype.com,+1-503-459-4887,Hollywood,local_a,2,yes,yes,the site looks unmaintained — the footer still shows 2012
Luke's Dixie Donuts,https://lukesdixiedonuts.com/,lukesdixiedonuts.com,lukesdixiedonuts@gmail.com,+1-561-972-4693,Jupiter,local_a,,,,
The Millimeter To My Lens,,,2756587@gmail.com,+1-561-574-0599,Lake Park,local_a,,,,
Gold Grillz 954 LLC,https://www.goldgrillz954.com/,goldgrillz954.com,goldgrillz9544@gmail.com,+1 954-440-0510,Lauderdale Lakes,local_a,1,yes,yes,the site is dated and plain — a modern refresh would stand out
CRM Jewelers,https://www.crmjewelers.com,crmjewelers.com,ecom@crmjewelers.com,+1-305-349-5000,Miami,local_a,,,,
Whitestone Diamonds,https://www.whitestonediamonds.com/,whitestonediamonds.com,whitestonediamonds@gmail.com,+1-305-877-3335,Miami,local_a,0,yes,yes,the site is dated and plain — a modern refresh would stand out
Ode à la Rose Miami,https://www.odealarose.com/miami-flower-delivery,odealarose.com,customerservice@odealarose.com,+1 786-567-9964,Miami,local_a,,,,
Luxury Diamond Flowers,https://luxurydiamondflowers.com/,luxurydiamondflowers.com,info@luxurydiamondflowers.com,+1-305-814-6323,Miami,local_a,,,,
Ofimueble,https://ofimueble.us/,ofimueble.us,info@ofimueble.us,+1 786-608-3098,Miami,local_a,,,,
Diamond dreams by Alex,https://mralexjewelry.com/,mralexjewelry.com,info@mralexjewelry.com,+1-305-836-7070,Miami,local_a,0,yes,yes,the site is dated and plain — a modern refresh would stand out
Paul,http://www.paul-usa.com,paul-usa.com,catering@pauldmv.com,,Miami Beach,local_a,4,no,yes,"the site loads without HTTPS, so browsers show visitors a Not Secure"" warning"""
Art Connection,https://www.artconnectionjewelry.com,artconnectionjewelry.com,bachijewels@gmail.com,,Miami Beach,local_a,0,yes,yes,the site is dated and plain — a modern refresh would stand out
ZEN Cakes Miami,https://www.zencakesmiami.com/,zencakesmiami.com,info@zencakesmiami.com,,Miami Beach,local_a,0,yes,yes,the site is dated and plain — a modern refresh would stand out
Ana Petrusha,https://www.anapetrusha.com/,anapetrusha.com,petrushkachannel@gmail.com,+39 351 810 82 30,Miami Beach,local_a,0,yes,yes,the site is dated and plain — a modern refresh would stand out
My Sunny Laundry,https://www.mysunnylaundry.com/?utm_source=googlebusinessprofile&utm_medium=gbpinfo&utm_campaign=GMBG,mysunnylaundry.com,contact@mysunnylaundry.com,+1 305-866-5455,Miami Beach,local_a,0,yes,yes,the site is dated and plain — a modern refresh would stand out
Douceurs & Tralala,https://douceurs-tralala.com/,douceurs-tralala.com,hello@douceurs-tralala.com,+1-786-960-6866,Miami Beach,local_a,,,,
Wash Club of South Beach,https://www.washclubsouthbeach.com/,washclubsouthbeach.com,washclubofsobe@gmail.com,+1-305-538-6446,Miami Beach,local_a,2,yes,yes,the site is dated and plain — a modern refresh would stand out
Royal Dry Cleaners,http://www.royalcleanersmiami.com/,royalcleanersmiami.com,royalcleanersmiami@outlook.com,+13058934311,North Miami,local_a,0,yes,yes,the site is dated and plain — a modern refresh would stand out
Italo Design,https://italodesignusa.com/,italodesignusa.com,sales@italodesignusa.com,+1-305-833-7275,North Miami Beach,local_a,1,yes,yes,the site is dated and plain — a modern refresh would stand out
Julius Lowy Frame & Restoring Company,https://www.lowy1907.com/,lowy1907.com,info@lowy1907.com,,Palm Beach,local_a,1,yes,yes,the site is dated and plain — a modern refresh would stand out
foundrae,https://foundrae.com/,foundrae.com,clientcare@foundrae.com,,Palm Beach,local_a,0,yes,yes,the site is dated and plain — a modern refresh would stand out
Enchanted Floral Design,https://www.enchantedfloraldesign.com/,enchantedfloraldesign.com,enchantedfloraldesign.ca@gmail.com,+1-760-205-3007,Palm Springs,local_a,0,yes,yes,the site is dated and plain — a modern refresh would stand out
Artisan Furniture & Finds,,,afw@artisanmiami.com,+1-561-247-1847,Palm Springs,local_a,,,,
Vicky Bakery,https://vickybakery.com,vickybakery.com,info@vickybakery.com,+1-954-271-2662,Pembroke Pines,local_a,,,,
Bonjour French Bakery & Cafe - Pembroke Pines,https://bonjourbakeryusa.com/,bonjourbakeryusa.com,info@bonjourbakeryusa.com,+1-786-584-8141,Pembroke Pines,local_a,1,yes,yes,the site is dated and plain — a modern refresh would stand out
Pinecrest bakery,https://pinecrestbakery.com/,pinecrestbakery.com,info@pinecrestbakery.com,+1 786-732-2269,Pinecrest,local_a,0,yes,yes,the site is dated and plain — a modern refresh would stand out
Wellington Florist,https://wellingtonflorist.com/,wellingtonflorist.com,service@wellingtonflorist.com,+1-561-333-4441,Wellington,local_a,,,,
Partridge Jewellers,https://www.partridgejewellers.com/,partridgejewellers.com,pjwellington@partridgejewellers.com,+64 4 473 9129,Wellington,local_a,,,,
Idlewild Furnishing,https://www.idlewildfurnishings.com/,idlewildfurnishings.com,sales@idlewildimports.com,+1 561-793-1970,Wellington,local_a,0,yes,yes,the site is dated and plain — a modern refresh would stand out
Woody's At Wellington Shoe & Boot Repair,https://www.woodysatwellington.com/,woodysatwellington.com,woodysofwellingtoninc@gmail.com,+1-561-798-1440,Wellington,local_a,2,yes,yes,the site is dated and plain — a modern refresh would stand out
Belén Plant Bakery,https://belenplantbakery.com/,belenplantbakery.com,hello@belenplantbakery.com,,Wellington,local_a,0,yes,yes,the site is dated and plain — a modern refresh would stand out
Wellington Sourdough,https://mosaicvenues.com/venues/ws,mosaicvenues.com,info@wellingtonsourdough.co.nz,,Wellington,local_a,,,,
Half Baked Catering Co.,https://www.halfbakedcateringco.com/,halfbakedcateringco.com,orders@halfbakedcateringco.com,+64272930877,Wellington,local_a,0,yes,yes,the site is dated and plain — a modern refresh would stand out
Le Paris Cake Design Bakery,http://www.lepariscakedesign.com/home.html,lepariscakedesign.com,donotreply@nccdn.net,+1-305-269-7000,West Miami,local_a,1,yes,yes,the site is dated and plain — a modern refresh would stand out
Buffalo Ranch Rustic Furnishings,https://www.buffaloranchweston.com/,buffaloranchweston.com,manager@buffaloranchweston.com,+18163864111,Weston,local_a,0,yes,yes,the site is dated and plain — a modern refresh would stand out
Adams-Mayfair Co,https://www.adamsmayfair.com/,adamsmayfair.com,kooney@adamsmayfair.com,+18166400110,Weston,local_a,0,yes,yes,the site is dated and plain — a modern refresh would stand out
Makery Market,https://www.makerymkt.com/,makerymkt.com,email@email.com,+18163864034,Weston,local_a,0,yes,yes,the site is dated and plain — a modern refresh would stand out
Mia Jewelers,https://www.miajewelers.com,miajewelers.com,contact@miajewelers.com,+1-954-515-0504,Weston,local_a,,,,
Trek,https://www.trekbikesflorida.com/about/trek-bicycle-store-of-boynton-beach-pg1078.htm,trekbikesflorida.com,joe@trekbikesflorida.com,+1 561-733-8300,Boynton Beach,local_b,0,yes,yes,the site is dated and plain — a modern refresh would stand out
Here You Travel,https://hereyoutravel.com/,hereyoutravel.com,reservations@hereyoutravel.com,+1 786-387-0000,Coral Gables,local_b,,,,
Verdant Lyfe,https://www.verdantlyfe.com/,verdantlyfe.com,hello@verdantlyfe.com,+1-786-244-3888,Coral Springs,local_b,,,,
Musicians Discount Center,https://www.musiciansdiscountcenter.net/,musiciansdiscountcenter.net,musiciansdiscountcenter@gmail.com,+1-305-255-9466,Cutler Bay,local_b,,,,
Hilsboro,https://www.hillsborobicycle.com/,hillsborobicycle.com,ridefastandeasy@aol.com,+1-954-427-7063,Deerfield Beach,local_b,0,yes,yes,the site is dated and plain — a modern refresh would stand out
Cyclevolution,https://www.cyclevolution.com,cyclevolution.com,cyclevolution@gmail.com,+1-561-376-2544,Delray Beach,local_b,,,,
Pooch Perks,https://poochperks.com/,poochperks.com,admin@poochperks.com,+1 786-534-7057,Doral,local_b,,,,
Bark Square,https://www.barksquare.com,barksquare.com,info@barksquare.com,+1-786-401-7748,Doral,local_b,0,yes,yes,the site is dated and plain — a modern refresh would stand out
À La Petite Reine,https://www.alapetitereine.com,alapetitereine.com,la-petite-reine@wanadoo.fr,+33 1 60 74 57 57,Fontainebleau,local_b,,,,
Velo Bello,https://velobellofrance.wordpress.com/,velobellofrance.wordpress.com,velobello@orange.fr,+33 6 02 17 91 48,Fontainebleau,local_b,,,,
Thierry May,https://www.thierrymay.com/,thierrymay.com,thmay@wanadoo.fr,+33 1 64 22 05 46,Fontainebleau,local_b,,,,
Comptoir à Musique Boulinier,https://www.boulinier.com/,boulinier.com,contact.boulinier@gmail.com,+33 1 60 72 74 14,Fontainebleau,local_b,,,,
Station Bees,https://www.nemours.stationsbees.com,nemours.stationsbees.com,nemours@stationsbees.com,+33 7 44 40 60 16,Fontainebleau,local_b,,,,
Fontainebleau Bike Shop,https://www.fontainebleaubikeshop.com/,fontainebleaubikeshop.com,contact@fontainebleaubikeshop.com,+33160570273,Fontainebleau,local_b,,,,
EasyBreezy BnB,https://easybreezybnb.com/,easybreezybnb.com,teams@easybreezybnb.com,+1-954-865-7502,Fort Lauderdale,local_b,0,yes,yes,the site is dated and plain — a modern refresh would stand out
Guitar Center,https://stores.guitarcenter.com/fl/hallandale/770,stores.guitarcenter.com,john.buffey@googlemail.com,+19544567890,Hallandale Beach,local_b,0,yes,yes,the site is dated and plain — a modern refresh would stand out
Antique Alley,http://www.antiquealleypdx.com/,antiquealleypdx.com,primahengkiki@gmail.com,+1-503-287-9848,Hollywood,local_b,0,yes,yes,the site is dated and plain — a modern refresh would stand out
Impact Computers & Electronics,https://impactcomputers.com/,impactcomputers.com,alpinejs@3.14.8.min.js,+1-954-920-3100,Hollywood,local_b,0,yes,yes,the site is dated and plain — a modern refresh would stand out
Eileen Hagen Studios,https://portlandaccordioncenter.com/,portlandaccordioncenter.com,diane@portlandaccordioncenter.com,+1-503-284-6586,Hollywood,local_b,2,yes,yes,the site looks unmaintained — the footer still shows 2020
Lush Puppy Pet Resort,https://lushpuppypetresort.com/,lushpuppypetresort.com,info@lushdogresort.com,+1 561-745-1719,Jupiter,local_b,0,yes,yes,the site is dated and plain — a modern refresh would stand out
VaCuba,https://www.vacuba.com/,vacuba.com,contact@vacuba.com,+1 305 649 3491,Miami,local_b,0,yes,yes,the site is dated and plain — a modern refresh would stand out
Doral Travel International in Miami,https://www.doraltravelint.com/,doraltravelint.com,reservasmia@doraltravelint.com,+1-305-640-5545,Miami,local_b,2,yes,yes,the site is dated and plain — a modern refresh would stand out
Brickell Bike Shop,https://www.brickellbikes.com/,brickellbikes.com,info@brickellbikes.com,,Miami,local_b,0,yes,yes,the site is dated and plain — a modern refresh would stand out
Dogtown Brickell,https://www.barkfetchrun.com,barkfetchrun.com,woof@barkfetchrun.com,+1-305-448-5225,Miami,local_b,,,,
Barky Lounge,https://barkylounge.com/,barkylounge.com,yourpetstore@barkylounge.com,+1-786-409-2885,Miami,local_b,,,,
Sweat Records,https://www.sweatrecordsmiami.com/,sweatrecordsmiami.com,email@myemail.com,,Miami,local_b,0,yes,yes,the site is dated and plain — a modern refresh would stand out
BONEFLY,https://bonefly.com/,bonefly.com,info@bonefly.com,,Miami Beach,local_b,0,yes,yes,the site is dated and plain — a modern refresh would stand out
Sprachcaffe Habana,http://www.sprachcaffe-kuba.com/de/index.htm,sprachcaffe-kuba.com,info@sprachcaffe.com,,Miramar,local_b,4,no,yes,"the site loads without HTTPS, so browsers show visitors a Not Secure"" warning"""
Volta Plus,,,superlaptop1@gmail.com,+5352674587,Miramar,local_b,,,,
E,,,mtg@mtg.co.cu,+53 52045255,Miramar,local_b,,,,
Venta de Internet Servicio Conmutado,,,yisel0945@gmail.com,,Miramar,local_b,,,,
Casa Matriz Grupo Hotelero Gran Caribe,http://www.grancaribehotels.com,grancaribehotels.com,atencionpoblacion@grancaribe.gca.tur.cu,+53 7 204 0238,Miramar,local_b,0,yes,yes,the site is dated and plain — a modern refresh would stand out
Sydney by Seaplane,https://sydneybyseaplane.com/,sydneybyseaplane.com,info@sydneybyseaplane.com,+61 2 9974 1455,Palm Beach,local_b,0,yes,yes,the site is dated and plain — a modern refresh would stand out
Antique Galleries of Palm Springs,https://antiquegalleriespalmsprings.com,antiquegalleriespalmsprings.com,antiquegalleriesps@gmail.com,+1-760-322-8740,Palm Springs,local_b,1,yes,yes,the site is dated and plain — a modern refresh would stand out
Angie's Pet Spa & Supplies,https://angiespetspa.com,angiespetspa.com,info@angiespetspa.com,+1 954-367-6325,Pembroke Pines,local_b,0,yes,yes,the site is dated and plain — a modern refresh would stand out
Just in Time Watch Service,,,frank@justintimewatchservice.com,+1-954-773-4484,Pembroke Pines,local_b,,,,
Miami Music Works,https://www.miamimusicworks.com/,miamimusicworks.com,miamimusicworks@aol.com,+1-305-256-1655,Pinecrest,local_b,,,,
Scenthound,https://www.scenthound.com/pinecrest,scenthound.com,user@domain.com,+1-786-706-5408,Pinecrest,local_b,0,yes,yes,the site is dated and plain — a modern refresh would stand out
Juno Computers USA,https://junocomputers.com/us/,junocomputers.com,uk@junocomputers.com,+17868286988,Sunny Isles Beach,local_b,0,yes,yes,the site is dated and plain — a modern refresh would stand out
Pet Grooming Sr. Dog Services,https://dogdaycarehub.com/dog-day-care/united-states/florida/miami/pet-grooming-sr-dog-services,dogdaycarehub.com,srdogservices@gmail.com,+1-786-362-1824,Sweetwater,local_b,,,,
Wheels of Wellington,https://wheelsofwellington.net/,wheelsofwellington.net,primahengkiki@gmail.com,+1-561-795-3038,Wellington,local_b,0,yes,yes,the site is dated and plain — a modern refresh would stand out
Beverlin's Statuary,https://beverlinsstatuaryofweston.com/,beverlinsstatuaryofweston.com,anapbm@gmail.com,+18166405500,Weston,local_b,0,yes,yes,the site is dated and plain — a modern refresh would stand out
Frontier Cooperative Co,https://www.frontiercooperative.com/,frontiercooperative.com,feedback@frontiercooperative.com,+1-402-642-5861,Weston,local_b,0,yes,yes,the site is dated and plain — a modern refresh would stand out
