name,website,domain,email,phone,city,niche
Sunglass Icon: Flagship Store,https://disneyland.disney.go.com/shopping/sunglass-icon/,disneyland.disney.go.com,,,Anaheim,trades+pro+clinic+local
Daniel's Outlet Center,https://www.danielshomecenter.com/,danielshomecenter.com,,+1-714-999-1281,Anaheim,trades+pro+clinic+local
Pandora,https://stores.pandora.net/en-us/ca/anaheim/pandora-jewelry-us1fee52c8.html,stores.pandora.net,,,Anaheim,trades+pro+clinic+local
California Dental Group - South Anaheim,https://califdental.com/,califdental.com,,+1-714-750-3030,Anaheim,trades+pro+clinic+local
OC Windshields,https://ocwindshields.com/,ocwindshields.com,,+1-714-209-5555,Anaheim,trades+pro+clinic+local
Coast Corvette,https://coastcorvette.com/,coastcorvette.com,,,Anaheim,trades+pro+clinic+local
Okayama Kobo Bakery & Cafe,https://www.okayamakobousa.com/,okayamakobousa.com,,+1-714-603-7332,Anaheim,trades+pro+clinic+local
Tarek Buys Houses,https://TarekBuysHouses.com,tarekbuyshouses.com,info@tarekbuyshouses.com,+1 888-356-3547,Anaheim,trades+pro+clinic+local
Harbor Freight Tools,https://www.harborfreight.com/storelocator/1019-n-state-college-blvd-anaheim-92806?number=433,harborfreight.com,,+1 714-808-1963,Anaheim,trades+pro+clinic+local
Law Offices of Marlin Branstetter,https://branstetterlawofficesca.com,branstetterlawofficesca.com,,+1-714-635-4234,Anaheim,trades+pro+clinic+local
Horizon Roofing,https://horizonroofingca.com/,horizonroofingca.com,frank@horizonroofingca.com,+1 714-328-1967,Anaheim,trades+pro+clinic+local
Ally Law Group,https://theallylawgroup.com/,theallylawgroup.com,info@theallylawgroup.com,+1-323-521-9737,Anaheim,trades+pro+clinic+local
Text Kevin Accident Attorneys,https://crockettlawgroup.com/anaheim/car-accident-attorney/,crockettlawgroup.com,info@crockettlawgroup.com,+1-714-714-7100,Anaheim,trades+pro+clinic+local
Ace Crown Hardware,https://www.acehardware.com/store-details/10871,acehardware.com,,,Anaheim,trades+pro+clinic+local
"Mike Diamond Plumbing, HVAC & Electrical",https://www.mikediamondservices.com/,mikediamondservices.com,diamondhvacmike@hotmail.com,+1-714-912-1265,Anaheim,trades+pro+clinic+local
"Lawrence Sintered Metals, Inc.",https://lawrencesinteredmetals.com/,lawrencesinteredmetals.com,sales@lawrencesinteredmetals.com,+1-626-333-6830,Anaheim,trades+pro+clinic+local
Moseys Production Machinist,https://moseys.com/,moseys.com,,,Anaheim,trades+pro+clinic+local
California Smile Dental Group Dentistry,https://anaheimdentalsmile.com/,anaheimdentalsmile.com,californiasmile@calsmile.net,+1-714-826-9000,Anaheim,trades+pro+clinic+local
"Hassan Rashwan, CPA",http://hsncpa.com/,hsncpa.com,,,Anaheim,trades+pro+clinic+local
Western Dental,https://www.westerndental.com/en-US/dentists/california/anaheim/1696-w-katella-ave/,westerndental.com,,+1-714-481-0495,Anaheim,trades+pro+clinic+local
Lowe's,https://www.lowes.com/store/ca-anaheim/1030,lowes.com,,+1 714-447-6140,Anaheim,trades+pro+clinic+local
The Home Depot,https://www.homedepot.com/l/Anaheim-Hills/CA/Anaheim/92807/6643,homedepot.com,,+1-714-921-1215,Anaheim,trades+pro+clinic+local
Valvoline,https://store.vioc.com/ca/anaheimhills/oil-change-gn0043.html,store.vioc.com,,,Anaheim,trades+pro+clinic+local
MAACO,https://www.maaco.com/locations/ca/anaheim-12558/,maaco.com,,+1-714-602-4564,Anaheim,trades+pro+clinic+local
"LaCroix, Ronald A., O.D.",https://www.helpu2c.com,helpu2c.com,,,Anaheim,trades+pro+clinic+local
Tustin Legacy Dentistry,https://www.tustinlegacydentistry.com,tustinlegacydentistry.com,,+1-714-294-0807,Tustin,trades+pro+clinic+local
Waterson Huth & Associates,http://watersonhuth.com/,watersonhuth.com,,+1-714-731-0041,Tustin,trades+pro+clinic+local
Rye Goods,https://www.ryegoods.com/,ryegoods.com,,,Tustin,trades+pro+clinic+local
SchoolsFirst Federal Credit Union,https://online.schoolsfirstfcu.org/gateway/schoolsfirstfcu/branch-locator#/details;selectedBranch=branch69,online.schoolsfirstfcu.org,,,Tustin,trades+pro+clinic+local
Marta Rudat DDS,https://www.martarudatdds.com/,martarudatdds.com,,+1-714-665-4200,Tustin,trades+pro+clinic+local
Veterinary Surgical Specialists,https://www.vssoc.com/,vssoc.com,info@vssoc.com,+1 949-936-0055,Tustin,trades+pro+clinic+local
First Choice Practice Sales,https://firstchoicedds.com,firstchoicedds.com,,+1 949-548-4559,Tustin,trades+pro+clinic+local
Tustin Buick GMC,https://www.tustingmc.com/,tustingmc.com,,,Tustin,trades+pro+clinic+local
Sunglass Hut,https://stores.sunglasshut.com/us/ca/tustin/2961-el-camino-real,stores.sunglasshut.com,,+1 949-468-5631,Tustin,trades+pro+clinic+local
W.W. Wholesale Jewelry,http://wwwholesalejewelry.com,wwwholesalejewelry.com,,+1 949-548-5030,Costa Mesa,trades+pro+clinic+local
"Easton & Easton, LLP",https://www.eastonlawoffices.com/,eastonlawoffices.com,eastonlawofficesdl20@gmail.com,+1-714-850-4590,Costa Mesa,trades+pro+clinic+local
"Farzad & Ochoa Family Law Attorneys, LLP",https://farzadlaw.com,farzadlaw.com,,+1 714-937-1193,Costa Mesa,trades+pro+clinic+local
French Florist,https://www.frenchflorist.com,frenchflorist.com,info@frenchflorist.com,+1-949-535-3088,Costa Mesa,trades+pro+clinic+local
Vantopia Van,https://www.vantopiavans.com,vantopiavans.com,,+1-949-755-0337,Costa Mesa,trades+pro+clinic+local
Every Bloomin' Thing Fine Flowers,http://everybloominthingoc.com,everybloominthingoc.com,,+1 949-646-7899,Costa Mesa,trades+pro+clinic+local
Greenberg Gross LLP,https://ggtriallaw.com,ggtriallaw.com,,+1-949-383-2800,Costa Mesa,trades+pro+clinic+local
General Equipment & Tools Rental,https://www.sunbeltrentals.com/location/ca/costa-mesa/equipment-tool-rentals/1261/,sunbeltrentals.com,,+1-714-545-5521,Costa Mesa,trades+pro+clinic+local
Banfield Pet Hospital,https://banfield.com,banfield.com,,+1-949-764-9316,Costa Mesa,trades+pro+clinic+local
Repipe Top Team,https://www.repipetopteam.com,repipetopteam.com,,+1-562-213-6430,Costa Mesa,trades+pro+clinic+local
Norton Law Corporation,http://nortonlawcorp.com,nortonlawcorp.com,,+1-714-760-9289,Costa Mesa,trades+pro+clinic+local
IKEA,https://www.ikea.com/us/en/stores/costa-mesa/,ikea.com,,,Costa Mesa,trades+pro+clinic+local
,https://www.thesofaco.com,thesofaco.com,,,Costa Mesa,trades+pro+clinic+local
Newport Harbor Animal Hospital,https://newportharborvets.com/,newportharborvets.com,,,Costa Mesa,trades+pro+clinic+local
Kneupper & Covey PC,https://kneuppercovey.com/,kneuppercovey.com,contact@kneuppercovey.com,+1-657-845-3100,Huntington Beach,trades+pro+clinic+local
Tax Resolution Group,https://www.taxresgroup.com,taxresgroup.com,,+1-714-657-3155,Huntington Beach,trades+pro+clinic+local
Mizuno Insurance Agency,http://mizunoinsurance.com,mizunoinsurance.com,,+1-714-964-7227,Huntington Beach,trades+pro+clinic+local
Sell Gold,https://sellgoldhuntingtonbeach.info,sellgoldhuntingtonbeach.info,,+1-714-842-5441,Huntington Beach,trades+pro+clinic+local
C & R Diamond Jewelers,https://cr-jewelers.com,cr-jewelers.com,,+1-714-596-5488,Huntington Beach,trades+pro+clinic+local
HB Community Mortgage,https://www.hbreverse.com/,hbreverse.com,kevin@hbreverse.com,+1-714-603-9791,Huntington Beach,trades+pro+clinic+local
Saleh Law Group,https://www.salehlawgroup.com,salehlawgroup.com,rsaleh@salehlawgroup.com,+1 949-431-6371,Huntington Beach,trades+pro+clinic+local
Kali Dental,https://www.kalidental.com/,kalidental.com,hello@kalidental.com,+1-657-800-5254,Huntington Beach,trades+pro+clinic+local
John Garcia - Huntington Beach Luxury Real Estate Expert,https://coastalhuntingtonbeachhomes.com,coastalhuntingtonbeachhomes.com,,+1-714-875-7029,Huntington Beach,trades+pro+clinic+local
Magic Fox Orthodontics,https://www.magicfoxsmiles.com/,magicfoxsmiles.com,info@magicfoxsmiles.com,+1-714-594-5777,Huntington Beach,trades+pro+clinic+local
Orange County Mattress,https://www.ocmattress.com/,ocmattress.com,,,Huntington Beach,trades+pro+clinic+local
Van Tek Glass,https://vantekglass.com/,vantekglass.com,info@vantekglass.com,+1-714-951-2390,Huntington Beach,trades+pro+clinic+local
Diamond Coast Dental,https://diamondcoastdental.com,diamondcoastdental.com,,+1-714-375-3222,Huntington Beach,trades+pro+clinic+local
,https://www.westcoasttowinghuntingtonbeach.com/,westcoasttowinghuntingtonbeach.com,,+1 714 942-5586,Huntington Beach,trades+pro+clinic+local
Smile HB Dental & Orthodontics,https://www.smilehbdental.com,smilehbdental.com,,+1-714-593-0256,Huntington Beach,trades+pro+clinic+local
Miller & Miller Bazemore - Estate Planning & Living Trusts,https://www.hbtrusts.com,hbtrusts.com,ethan@hbtrusts.com,+1-714-895-4529,Huntington Beach,trades+pro+clinic+local
The Recon Pros,https://www.thereconpros.com/,thereconpros.com,,+1-714-795-2983,Huntington Beach,trades+pro+clinic+local
Farsio Dental Group Huntington Beach,https://www.ocspecialtyendo.com/huntington-beach-ca/,ocspecialtyendo.com,farsiodentalspltygroup@gmail.com,+1-714-847-3513,Huntington Beach,trades+pro+clinic+local
Foose Design,https://www.chipfoose.com/,chipfoose.com,,,Huntington Beach,trades+pro+clinic+local
Beach Family Cosmetic Dentistry,https://beachfamilydentistry.com/,beachfamilydentistry.com,beachfamilysocial@gmail.com,+1 714 842 0601,Huntington Beach,trades+pro+clinic+local
DeLorean Motor Company California,https://www.dmccalifornia.com/,dmccalifornia.com,,+1-714-842-0040,Huntington Beach,trades+pro+clinic+local
The Malakai Sparks Group,https://malakaisparks.com/,malakaisparks.com,,+1-714-340-5481,Huntington Beach,trades+pro+clinic+local
