score,domain,https,mobile,builder,year,email,phone,reason
0,familyfencetampa.com,yes,yes,-,2026,,813-571-5946,"the site is dated and plain — a modern refresh would stand out"
0,fencecentralfl.com,yes,yes,-,2026,info@FenceCentralFL.com,863-215-6511,"the site is dated and plain — a modern refresh would stand out"
0,allfencingandrepair.com,yes,yes,-,,mary@allfencingfl.com,(954) 306-3477,"the site is dated and plain — a modern refresh would stand out"
0,farencefencing.com,yes,yes,-,,farencefencing@gmail.com,(904) 719-3715,"the site is dated and plain — a modern refresh would stand out"
0,floridacommercialfencing.com,yes,yes,-,,picket@floridafenceandgates.com,941-921-4659,"the site is dated and plain — a modern refresh would stand out"
2,centralflfence.com,yes,yes,Wix,2020,centralflfence@gmail.com,407-984-6369,"the site looks unmaintained — the footer still shows 2020"
0,floridafenceco.com,yes,yes,-,,floridafenceco@gmail.com,(321) 522-6909,"the site is dated and plain — a modern refresh would stand out"
0,premierfenceofswfl.com,yes,yes,-,,kevin@premierfenceswfl.com,239-566-8642,"the site is dated and plain — a modern refresh would stand out"
0,karneytree.com,yes,yes,-,2026,karneytreeservice@gmail.com,(407) 432-2944,"the site is dated and plain — a modern refresh would stand out"
0,midfloridatreeservice.com,yes,yes,-,,reception@midfloridatree.com,(813) 588-0315,"the site is dated and plain — a modern refresh would stand out"
0,realtreeteam.com,yes,yes,-,2026,realtreemanagement@gmail.com,(954) 957-9540,"the site is dated and plain — a modern refresh would stand out"
0,loyaltreeservices.com,yes,yes,-,,sales@loyaltreeservices.com,561-764-5034,"the site is dated and plain — a modern refresh would stand out"
0,centralfltree.com,yes,yes,-,2023,office@centralfltree.com,863-670-7375,"the site is dated and plain — a modern refresh would stand out"
1,cftreeservices.com,yes,yes,-,2026,info@cftreeservices.com,352-437-4542,"the site is dated and plain — a modern refresh would stand out"
0,westtreeservices.com,yes,yes,-,2025,,407.427.3920,"the site is dated and plain — a modern refresh would stand out"
0,allfloridatreeservice.com,yes,yes,-,2026,AllFloridaTreeService@gmail.com,386-402-2072,"the site is dated and plain — a modern refresh would stand out"
0,gastonstreeservice.com,yes,yes,-,2026,,352-378-5801,"the site is dated and plain — a modern refresh would stand out"
0,pcftree.com,yes,yes,-,2026,,(941) 613-3613,"the site is dated and plain — a modern refresh would stand out"
0,garagedoorsfl.com,yes,yes,-,2026,,(888) 803-0565,"the site is dated and plain — a modern refresh would stand out"
0,danddgaragedoors.com,yes,yes,-,,Broken-Spring@3x.webp,888-371-7242,"the site is dated and plain — a modern refresh would stand out"
0,broten.com,yes,yes,-,2026,,(954) 946-5555,"the site is dated and plain — a modern refresh would stand out"
0,overheaddoorofamerica.com,yes,yes,-,2026,info@overheaddoorofamerica.com,321-576-0125,"the site is dated and plain — a modern refresh would stand out"
0,afloridadoorsales.net,yes,yes,-,,info@afloridadoorsales.net,863-467-9600,"the site is dated and plain — a modern refresh would stand out"
0,floridagaragedoors.net,yes,yes,Wix,2025,Sales@floridagaragedoors.net,904-406-2339,"the site is dated and plain — a modern refresh would stand out"
1,expertappliancerepairsfl.com,yes,yes,-,,,352-669-6696,"the site is dated and plain — a modern refresh would stand out"
3,davisappliances.com,yes,yes,-,2016,info@davisappliances.com,850-249-7702,"the site looks unmaintained — the footer still shows 2016"
0,appliancerepairswfl.com,yes,yes,-,,,(239) 290-7173,"the site is dated and plain — a modern refresh would stand out"
0,alphaappliancerepairfl.com,yes,yes,-,2026,alphaapprepair@gmail.com,(407) 720-9721,"the site is dated and plain — a modern refresh would stand out"
2,roadrunnerfla.com,yes,yes,Wix,2021,roadrunner.fla@gmail.com,,"the site looks unmaintained — the footer still shows 2021"
2,appliancerepairservicesofjacksonville.com,yes,yes,GoDaddy,2018,ApplianceRepairServicesofJax@gmail.com,904-842-3992,"the site looks unmaintained — the footer still shows 2018"
1,callbrunos.com,yes,yes,GoDaddy,2025,,941-585-8380,"the site is dated and plain — a modern refresh would stand out"
0,fappliancerepair.com,yes,yes,-,2026,flarepairservice@gmail.com,786-703-6379,"the site is dated and plain — a modern refresh would stand out"
0,kingdomappliancerepairfl.com,yes,yes,-,2026,,(941) 347-9390,"the site is dated and plain — a modern refresh would stand out"
0,topnotchmarine.com,yes,yes,-,,,888-278-1991,"the site is dated and plain — a modern refresh would stand out"
0,boatrepairmiamifl.com,yes,yes,-,2026,boatrepairmiamifl@gmail.com,305-290-2701,"the site is dated and plain — a modern refresh would stand out"
0,boatersedge.net,yes,yes,-,2026,boatersedge@gmail.com,(321) 383-4173,"the site is dated and plain — a modern refresh would stand out"
0,certifiedmarineoutboards.com,yes,yes,Squarespace,,,(305) 282-5283,"the site is dated and plain — a modern refresh would stand out"
0,egmarineservices.com,yes,yes,-,2026,info@egmarineservices.com,786-351-5363,"the site is dated and plain — a modern refresh would stand out"
0,kissimmeevalleyfeed.com,yes,yes,-,2026,,407-957-4100,"the site is dated and plain — a modern refresh would stand out"
2,floridafarmandfeed.com,yes,yes,-,2026,floridafarmfeed@gmail.com,,"the site is dated and plain — a modern refresh would stand out"
1,daviefeedstore.com,yes,yes,-,,,,"the site is dated and plain — a modern refresh would stand out"
3,floridafarmandranchsupply.com,yes,yes,-,2026,,,"the site is dated and plain — a modern refresh would stand out"
0,hardeeranchsupplyinc.com,yes,yes,-,2026,wcook@landolakes.com,(863) 773-4322,"the site is dated and plain — a modern refresh would stand out"
2,robbiesfeed.com,yes,yes,-,2026,sales@robbiesfeed.com,305-247-1256,"the site is dated and plain — a modern refresh would stand out"
2,bunnellfeedandsupply.com,yes,yes,-,2018,,(386) 437-2032,"the site looks unmaintained — the footer still shows 2018"
0,winningcirclefeed.com,dead,,,,,,"did not load"
1,futralsfeedstore.com,yes,yes,-,,,,"the site is dated and plain — a modern refresh would stand out"
0,teampoolworks.com,yes,yes,-,2026,,(863) 967-2863,"the site is dated and plain — a modern refresh would stand out"
0,mypoolrepairs.com,yes,yes,-,,mypoolrepairs@gmail.com,352-535-0349,"the site is dated and plain — a modern refresh would stand out"
0,ontimepoolservice.com,yes,yes,-,2026,info@heritage485.com,(941) 224-0404,"the site is dated and plain — a modern refresh would stand out"
0,citywidepoolsgainesville.com,yes,yes,-,,citywidepoolserviceinc@yahoo.com,(352) 565-4899,"the site is dated and plain — a modern refresh would stand out"
0,poolsnextdoor.com,yes,yes,-,2025,,(727) 275-2109,"the site is dated and plain — a modern refresh would stand out"
0,myfloridapoolservices.com,yes,yes,-,2024,floridapoolweb@gmail.com,407-680-9749,"the site is dated and plain — a modern refresh would stand out"
0,billjacksons.com,yes,yes,-,2026,,727-576-4169,"the site is dated and plain — a modern refresh would stand out"
1,gbaguns.com,yes,yes,-,,,,"the site is dated and plain — a modern refresh would stand out"
6,leadfeatherguns.com,yes,yes,-,2021,,863-875-8989,"the site looks unmaintained — the footer still shows 2021"
1,floridagunexchange.com,yes,yes,-,,,,"the site is dated and plain — a modern refresh would stand out"
2,gunrange.net,yes,yes,Wix,2018,,352-787-4570,"the site looks unmaintained — the footer still shows 2018"
